{
  "strategy_id": "39c1160c",
  "symbol": "ETHUSDT",
  "strategy_type": "dca_ott",
  "active": true,
  "created_at": null,
  "updated_at": null,
  "initial_balance": 1000.0,
  "cash_balance": 1000.0,
  "realized_pnl": 0.0,
  "position_quantity": 17.0,
  "position_avg_cost": 34.253705882352946,
  "position_side": "long",
  "gf": 0.0,
  "dca_positions": [],
  "avg_cost": null,
  "total_quantity": 0.0,
  "cycle_number": 0,
  "cycle_trade_count": 0,
  "open_orders": [],
  "last_bar_timestamp": "2025-09-26T21:00:00+00:00",
  "last_ott_mode": "SAT",
  "total_buy_orders": 0,
  "total_sell_orders": 0,
  "last_update": "2025-09-26T22:20:06.826726+00:00",
  "custom_data": {}
}