{
  "strategy_id": "48224849",
  "symbol": "ETHUSDT",
  "strategy_type": "dca_ott",
  "active": true,
  "created_at": null,
  "updated_at": null,
  "initial_balance": 1000.0,
  "cash_balance": 1000.0,
  "realized_pnl": 0.0,
  "position_quantity": 1.57,
  "position_avg_cost": 207.88719745222934,
  "position_side": "long",
  "gf": null,
  "dca_positions": [
    {
      "buy_price": 213.82,
      "quantity": 0.46,
      "timestamp": "2025-09-24T18:59:44.034000+00:00",
      "order_id": "146389598666"
    },
    {
      "buy_price": 199.49,
      "quantity": 0.65,
      "timestamp": "2025-09-26T17:00:13.942000+00:00",
      "order_id": "147513966906"
    }
  ],
  "avg_cost": 205.42855855855856,
  "total_quantity": 1.11,
  "cycle_number": 1,
  "cycle_trade_count": 2,
  "open_orders": [],
  "last_bar_timestamp": "2025-09-26T21:00:00+00:00",
  "last_ott_mode": "AL",
  "total_buy_orders": 0,
  "total_sell_orders": 0,
  "last_update": "2025-09-26T22:18:58.455733+00:00",
  "custom_data": {
    "first_buy_executed": false,
    "last_ott_action": null,
    "profit_threshold": 0.0,
    "use_market_orders": true
  }
}