{
  "strategy_id": "c59575a0",
  "symbol": "ETHUSDT",
  "strategy_type": "dca_ott",
  "active": true,
  "created_at": null,
  "updated_at": null,
  "initial_balance": 1000.0,
  "cash_balance": 1000.0,
  "realized_pnl": 0.0,
  "position_quantity": 0.098,
  "position_avg_cost": 4021.07,
  "position_side": "long",
  "gf": 0.0,
  "dca_positions": [],
  "avg_cost": null,
  "total_quantity": 0.0,
  "cycle_number": 0,
  "cycle_trade_count": 0,
  "open_orders": [],
  "last_bar_timestamp": null,
  "last_ott_mode": null,
  "total_buy_orders": 0,
  "total_sell_orders": 0,
  "last_update": "2025-09-26T22:18:55.704596+00:00",
  "custom_data": {}
}