{
  "strategies": [
    {
      "id": "47682998",
      "name": "dddd",
      "symbol": "DOGEUSDT",
      "timeframe": "5m",
      "strategy_type": "bol_grid",
      "parameters": {
        "initial_usdt": 50.0,
        "min_drop_pct": 1.0,
        "min_profit_pct": 1.0,
        "bollinger_period": 50,
        "bollinger_std": 1.0
      },
      "y": 200.0,
      "usdt_grid": 100.0,
      "gf": 0.0,
      "price_min": null,
      "price_max": null,
      "ott": {
        "period": 14,
        "opt": 2.0
      },
      "active": false,
      "created_at": "2025-09-06T12:44:28.147460",
      "updated_at": "2025-09-20T01:16:49.784691",
      "total_trades": 0,
      "total_profit": 0.0
    },
    {
      "id": "b1657672",
      "name": "doge_grid",
      "symbol": "DOGEUSDT",
      "timeframe": "5m",
      "strategy_type": "grid_ott",
      "parameters": {
        "y": 0.002,
        "usdt_grid": 30.0
      },
      "y": 0.002,
      "usdt_grid": 30.0,
      "gf": 0.0,
      "price_min": null,
      "price_max": null,
      "ott": {
        "period": 9,
        "opt": 2.0
      },
      "active": true,
      "created_at": "2025-09-22T16:37:37.008229",
      "updated_at": "2025-09-26T22:32:03.336116",
      "total_trades": 22,
      "total_profit": 0.0
    },
    {
      "id": "6b00b91b",
      "name": "eth-grid",
      "symbol": "ETHUSDT",
      "timeframe": "5m",
      "strategy_type": "grid_ott",
      "parameters": {
        "y": 100.0,
        "usdt_grid": 30.0
      },
      "y": 100.0,
      "usdt_grid": 30.0,
      "gf": 0.0,
      "price_min": null,
      "price_max": null,
      "ott": {
        "period": 9,
        "opt": 2.0
      },
      "active": true,
      "created_at": "2025-09-22T16:38:14.870712",
      "updated_at": "2025-09-26T22:06:00.380372",
      "total_trades": 3,
      "total_profit": 0.0
    },
    {
      "id": "777ad434",
      "name": "btc_grid",
      "symbol": "BTCUSDT",
      "timeframe": "5m",
      "strategy_type": "grid_ott",
      "parameters": {
        "y": 2000.0,
        "usdt_grid": 150.0
      },
      "y": 2000.0,
      "usdt_grid": 150.0,
      "gf": 0.0,
      "price_min": null,
      "price_max": null,
      "ott": {
        "period": 9,
        "opt": 2.0
      },
      "active": true,
      "created_at": "2025-09-22T16:40:10.398843",
      "updated_at": "2025-09-25T21:20:57.839184",
      "total_trades": 1,
      "total_profit": 0.0
    },
    {
      "id": "da8b6558",
      "name": "avax_grid",
      "symbol": "AVAXUSDT",
      "timeframe": "5m",
      "strategy_type": "grid_ott",
      "parameters": {
        "y": 0.5,
        "usdt_grid": 30.0
      },
      "y": 0.5,
      "usdt_grid": 30.0,
      "gf": 0.0,
      "price_min": null,
      "price_max": null,
      "ott": {
        "period": 9,
        "opt": 2.0
      },
      "active": true,
      "created_at": "2025-09-22T16:42:36.299599",
      "updated_at": "2025-09-26T21:35:43.628330",
      "total_trades": 14,
      "total_profit": 0.0
    },
    {
      "id": "c59575a0",
      "name": "eth_dca_yeni",
      "symbol": "ETHUSDT",
      "timeframe": "1h",
      "strategy_type": "dca_ott",
      "parameters": {
        "base_usdt": 200.0,
        "dca_multiplier": 1.2,
        "min_drop_pct": 5.0,
        "profit_threshold_pct": 5.0
      },
      "y": null,
      "usdt_grid": null,
      "gf": 0.0,
      "price_min": null,
      "price_max": null,
      "ott": {
        "period": 20,
        "opt": 2.0
      },
      "active": true,
      "created_at": "2025-09-23T13:21:11.261084",
      "updated_at": "2025-09-26T22:32:04.764829",
      "total_trades": 2,
      "total_profit": 0.0
    },
    {
      "id": "39c1160c",
      "name": "avax_dca",
      "symbol": "AVAXUSDT",
      "timeframe": "1h",
      "strategy_type": "dca_ott",
      "parameters": {
        "base_usdt": 200.0,
        "dca_multiplier": 1.2,
        "min_drop_pct": 5.0,
        "profit_threshold_pct": 5.0
      },
      "y": null,
      "usdt_grid": null,
      "gf": 0.0,
      "price_min": null,
      "price_max": null,
      "ott": {
        "period": 20,
        "opt": 2.0
      },
      "active": true,
      "created_at": "2025-09-23T13:31:46.526194",
      "updated_at": "2025-09-24T22:02:18.204429",
      "total_trades": 3,
      "total_profit": 0.0
    },
    {
      "id": "86563045",
      "name": "huma_grid",
      "symbol": "HUMAUSDT",
      "timeframe": "15m",
      "strategy_type": "grid_ott",
      "parameters": {
        "y": 0.001,
        "usdt_grid": 30.0
      },
      "y": 0.001,
      "usdt_grid": 30.0,
      "gf": 0.0,
      "price_min": null,
      "price_max": null,
      "ott": {
        "period": 9,
        "opt": 2.0
      },
      "active": true,
      "created_at": "2025-09-23T13:34:47.640302",
      "updated_at": "2025-09-26T06:30:26.287143",
      "total_trades": 3,
      "total_profit": 0.0
    },
    {
      "id": "32c2398f",
      "name": "doge_dca",
      "symbol": "DOGEUSDT",
      "timeframe": "1h",
      "strategy_type": "dca_ott",
      "parameters": {
        "base_usdt": 200.0,
        "dca_multiplier": 1.2,
        "min_drop_pct": 5.0,
        "profit_threshold_pct": 5.0
      },
      "y": null,
      "usdt_grid": null,
      "gf": 0.0,
      "price_min": null,
      "price_max": null,
      "ott": {
        "period": 20,
        "opt": 2.0
      },
      "active": true,
      "created_at": "2025-09-23T13:37:48.636124",
      "updated_at": "2025-09-26T21:00:34.054569",
      "total_trades": 2,
      "total_profit": 0.0
    },
    {
      "id": "48224849",
      "name": "sol_dca",
      "symbol": "SOLUSDT",
      "timeframe": "1h",
      "strategy_type": "dca_ott",
      "parameters": {
        "base_usdt": 100.0,
        "dca_multiplier": 1.3,
        "min_drop_pct": 2.0,
        "profit_threshold_pct": 1.0
      },
      "y": null,
      "usdt_grid": null,
      "gf": 0.0,
      "price_min": null,
      "price_max": null,
      "ott": {
        "period": 9,
        "opt": 2.0
      },
      "active": true,
      "created_at": "2025-09-24T21:55:45.091388",
      "updated_at": "2025-09-26T20:00:44.926137",
      "total_trades": 3,
      "total_profit": 0.0
    }
  ],
  "last_update": "2025-09-26T22:32:04.766113"
}