{
  "strategy_id": "32c2398f",
  "symbol": "ETHUSDT",
  "strategy_type": "dca_ott",
  "active": true,
  "created_at": null,
  "updated_at": null,
  "initial_balance": 1000.0,
  "cash_balance": 1000.0,
  "realized_pnl": 0.0,
  "position_quantity": 1840.0,
  "position_avg_cost": 0.23911489130434785,
  "position_side": "long",
  "gf": null,
  "dca_positions": [
    {
      "buy_price": 0.24894,
      "quantity": 804.0,
      "timestamp": "2025-09-24T15:00:17.423000+00:00",
      "order_id": "82696553640"
    },
    {
      "buy_price": 0.23149,
      "quantity": 1036.0,
      "timestamp": "2025-09-26T18:00:09.721000+00:00",
      "order_id": "82923287474"
    }
  ],
  "avg_cost": 0.23911489130434785,
  "total_quantity": 1840.0,
  "cycle_number": 1,
  "cycle_trade_count": 2,
  "open_orders": [],
  "last_bar_timestamp": "2025-09-26T21:00:00+00:00",
  "last_ott_mode": "AL",
  "total_buy_orders": 0,
  "total_sell_orders": 0,
  "last_update": "2025-09-26T22:18:56.586564+00:00",
  "custom_data": {
    "first_buy_executed": false,
    "last_ott_action": null,
    "profit_threshold": 0.0,
    "use_market_orders": true
  }
}