{
  "strategy_id": "61ec833e",
  "strategy_type": "dca_ott",
  "gf": null,
  "dca_positions": [],
  "avg_cost": null,
  "total_quantity": 0.0,
  "cycle_number": 0,
  "cycle_trade_count": 0,
  "open_orders": [
    {
      "order_id": "32200444166",
      "side": "buy",
      "price": null,
      "quantity": 1.0,
      "z": 0,
      "timestamp": "2025-08-28T16:18:09.894311+00:00"
    }
  ],
  "last_bar_timestamp": "2025-08-28T16:15:00+00:00",
  "last_ott_mode": "AL",
  "total_buy_orders": 0,
  "total_sell_orders": 0,
  "last_update": "2025-08-28T16:20:11.904854+00:00",
  "custom_data": {}
}