{
  "strategy_id": "8b1304a4",
  "strategy_type": "grid_ott",
  "initial_balance": 1000.0,
  "cash_balance": 1000.0,
  "realized_pnl": 0.0,
  "position_quantity": 0.0,
  "position_avg_cost": null,
  "position_side": null,
  "gf": 115471.4,
  "dca_positions": [],
  "avg_cost": null,
  "total_quantity": 0.0,
  "cycle_number": 0,
  "cycle_trade_count": 0,
  "open_orders": [],
  "last_bar_timestamp": "2025-09-21T19:30:00+00:00",
  "last_ott_mode": "SAT",
  "total_buy_orders": 0,
  "total_sell_orders": 0,
  "last_update": "2025-09-21T19:45:22.850673+00:00",
  "custom_data": {
    "gf_initialized": true
  }
}