{
  "strategy_id": "b1657672",
  "symbol": "ETHUSDT",
  "strategy_type": "grid_ott",
  "active": true,
  "created_at": null,
  "updated_at": null,
  "initial_balance": 1000.0,
  "cash_balance": 1003.9067015436812,
  "realized_pnl": 3.906701543681069,
  "position_quantity": 787.0,
  "position_avg_cost": 0.23082821034775236,
  "position_side": "long",
  "gf": 0.23045,
  "dca_positions": [],
  "avg_cost": null,
  "total_quantity": 0.0,
  "cycle_number": 0,
  "cycle_trade_count": 0,
  "open_orders": [],
  "last_bar_timestamp": "2025-09-26T22:20:00+00:00",
  "last_ott_mode": "AL",
  "total_buy_orders": 0,
  "total_sell_orders": 0,
  "last_update": "2025-09-26T22:25:32.829732+00:00",
  "custom_data": {
    "gf_initialized": true
  }
}