{
  "strategy_id": "da8b6558",
  "symbol": "ETHUSDT",
  "strategy_type": "grid_ott",
  "active": true,
  "created_at": null,
  "updated_at": null,
  "initial_balance": 1000.0,
  "cash_balance": 1007.89675,
  "realized_pnl": 7.896750000000008,
  "position_quantity": 6.0,
  "position_avg_cost": 29.039125000000002,
  "position_side": "long",
  "gf": 29.141,
  "dca_positions": [],
  "avg_cost": null,
  "total_quantity": 0.0,
  "cycle_number": 0,
  "cycle_trade_count": 0,
  "open_orders": [],
  "last_bar_timestamp": "2025-09-26T22:20:00+00:00",
  "last_ott_mode": "AL",
  "total_buy_orders": 0,
  "total_sell_orders": 0,
  "last_update": "2025-09-26T22:25:19.579719+00:00",
  "custom_data": {
    "gf_initialized": true
  }
}