{
  "strategy_id": "afb5f1c4",
  "strategy_type": "dca_ott",
  "gf": null,
  "dca_positions": [],
  "avg_cost": null,
  "total_quantity": 0.0,
  "cycle_number": 0,
  "cycle_trade_count": 0,
  "open_orders": [
    {
      "order_id": "32810352140",
      "side": "buy",
      "price": null,
      "quantity": 2.0,
      "z": 0,
      "timestamp": "2025-09-19T21:41:37.010146+00:00",
      "strategy_specific_data": {
        "dca_type": "first_buy",
        "usdt_amount": 100.0,
        "order_type": "MARKET",
        "cycle_number": 0,
        "cycle_trade_count": 1
      }
    }
  ],
  "last_bar_timestamp": "2025-09-19T21:35:00+00:00",
  "last_ott_mode": "AL",
  "total_buy_orders": 0,
  "total_sell_orders": 0,
  "last_update": "2025-09-19T21:41:37.948746+00:00",
  "custom_data": {}
}